[
  { "origem": "Centro do Cabo", "destino": "Gaibu", "valor": 35, "regiao": "Cabo" },
  { "origem": "Centro do Cabo", "destino": "Gaibu loteamento Águas Cumpridas", "valor": 37, "regiao": "Cabo" },
  { "origem": "Centro do Cabo", "destino": "Gaibu Jaqueira", "valor": 40, "regiao": "Cabo" },
  { "origem": "Centro do Cabo", "destino": "Gaibu Pantanal", "valor": 40, "regiao": "Cabo" },
  { "origem": "Centro do Cabo", "destino": "Gaibu Areal", "valor": 37, "regiao": "Cabo" },
  { "origem": "Centro do Cabo", "destino": "Enseadas", "valor": 30, "regiao": "Cabo" },
  { "origem": "Centro do Cabo", "destino": "Enseadas Setor 4", "valor": 37, "regiao": "Cabo" },
  { "origem": "Centro do Cabo", "destino": "Suape", "valor": 40, "regiao": "Cabo" },
  { "origem": "Centro do Cabo", "destino": "Suape Paraíso", "valor": 50, "regiao": "Cabo" },
  { "origem": "Centro do Cabo", "destino": "Suape Lagoa do Zumbi", "valor": 50, "regiao": "Cabo" },
  { "origem": "Centro do Cabo", "destino": "Suape TIRIRI", "valor": 50, "regiao": "Cabo" },
  { "origem": "Centro do Cabo", "destino": "Suape Bar do Doido", "valor": 60, "regiao": "Cabo" },
  { "origem": "Centro do Cabo", "destino": "Suape Até Água Mineral", "valor": 40, "regiao": "Cabo" },
  { "origem": "Centro do Cabo", "destino": "Suape Sê Povo Entrada Bar do Doido", "valor": 45, "regiao": "Cabo" },
  { "origem": "Centro do Cabo", "destino": "Calhetas", "valor": 50, "regiao": "Cabo" },
  { "origem": "Centro do Cabo", "destino": "Nazaré", "valor": 40, "regiao": "Cabo" },
  { "origem": "Centro do Cabo", "destino": "Itapuama", "valor": 37, "regiao": "Cabo" },
  { "origem": "Centro do Cabo", "destino": "Xaréu", "valor": 40, "regiao": "Cabo" },
  { "origem": "Centro do Cabo", "destino": "Paiva (Pedágio Pago pelo Passageiro)", "valor": 55, "regiao": "Cabo" },
  { "origem": "Centro do Cabo", "destino": "Praia de Muro Alto", "valor": 70, "regiao": "Cabo" },
  { "origem": "Centro do Cabo", "destino": "Praia de Porto de Galinhas", "valor": 80, "regiao": "Cabo" },
  { "origem": "Centro do Cabo", "destino": "Praia de Maracaípe", "valor": 85, "regiao": "Cabo" },
  { "origem": "Centro do Cabo", "destino": "Praia de Serrambi", "valor": 115, "regiao": "Cabo" },
  { "origem": "Centro do Cabo", "destino": "Praia do CUPE", "valor": 65, "regiao": "Cabo" },

  { "origem": "Centro do Cabo", "destino": "Loginvest (TUPAN)", "valor": 25, "regiao": "Cabo" },
  { "origem": "Centro do Cabo", "destino": "CONE antes do Armazena", "valor": 15, "regiao": "Cabo" },
  { "origem": "Centro do Cabo", "destino": "CONE ponte dos Carvalhos", "valor": 25, "regiao": "Cabo" },
  { "origem": "Centro do Cabo", "destino": "Armazena Em frente ao Dom Helder", "valor": 20, "regiao": "Cabo" },
  { "origem": "Centro do Cabo", "destino": "Americanas", "valor": 25, "regiao": "Cabo" },
  { "origem": "Centro do Cabo", "destino": "AMAZON", "valor": 25, "regiao": "Cabo" },
  { "origem": "Centro do Cabo", "destino": "FotLev", "valor": 25, "regiao": "Cabo" },
  { "origem": "Centro do Cabo", "destino": "Coca Cola Solar Cabo", "valor": 30, "regiao": "Cabo" },
  { "origem": "Centro do Cabo", "destino": "Coca Cola Prazeres", "valor": 40, "regiao": "Cabo" },
  { "origem": "Centro do Cabo", "destino": "PepsiCo Cabo", "valor": 30, "regiao": "Cabo" },
  { "origem": "Centro do Cabo", "destino": "Ball Cabo", "valor": 30, "regiao": "Cabo" },
  { "origem": "Centro do Cabo", "destino": "Camil Cabo", "valor": 30, "regiao": "Cabo" },
  { "origem": "Centro do Cabo", "destino": "Urbano Cabo", "valor": 30, "regiao": "Cabo" },
  { "origem": "Centro do Cabo", "destino": "Amcor serraria Cabo", "valor": 30, "regiao": "Cabo" },
  { "origem": "Centro do Cabo", "destino": "Amanco Suape (Pedágio Incluso)", "valor": 42, "regiao": "Cabo" },
  { "origem": "Centro do Cabo", "destino": "Dexco Suape (Pedágio Incluso)", "valor": 42, "regiao": "Cabo" },
  { "origem": "Centro do Cabo", "destino": "Pamesa Suape (Pedágio Incluso)", "valor": 42, "regiao": "Cabo" },
  { "origem": "Centro do Cabo", "destino": "Refinaria LESTE Suape (Pedágio Incluso)", "valor": 47, "regiao": "Cabo" },
  { "origem": "Centro do Cabo", "destino": "SuperGas Suape (Pedágio Incluso)", "valor": 62, "regiao": "Cabo" },
  { "origem": "Centro do Cabo", "destino": "Ultragás Suape (Pedágio Incluso)", "valor": 62, "regiao": "Cabo" },
  { "origem": "Centro do Cabo", "destino": "Liquigás Suape (Pedágio Incluso)", "valor": 62, "regiao": "Cabo" },
  { "origem": "Centro do Cabo", "destino": "Tecon Suape (Pedágio Incluso)", "valor": 62, "regiao": "Cabo" },
  { "origem": "Centro do Cabo", "destino": "Bunge Suape (Pedágio Incluso)", "valor": 62, "regiao": "Cabo" },
  { "origem": "Centro do Cabo", "destino": "Termope Suape (Pedágio Incluso)", "valor": 67, "regiao": "Cabo" },
  { "origem": "Centro do Cabo", "destino": "UltraCargo Suape (Pedágio Incluso)", "valor": 62, "regiao": "Cabo" },

  { "origem": "Centro do Cabo", "destino": "Shopping Costa Dourada", "valor": 15, "regiao": "Cabo" },
  { "origem": "Centro do Cabo", "destino": "Shopping Recife", "valor": 65, "regiao": "Cabo" },
  { "origem": "Centro do Cabo", "destino": "Shopping Guararapes", "valor": 45, "regiao": "Cabo" },
  { "origem": "Centro do Cabo", "destino": "Shopping Boa Vista", "valor": 80, "regiao": "Cabo" },
  { "origem": "Centro do Cabo", "destino": "Shopping Plaza Casa Forte", "valor": 90, "regiao": "Cabo" },
  { "origem": "Centro do Cabo", "destino": "Shopping Tacaruna", "valor": 90, "regiao": "Cabo" },
  { "origem": "Centro do Cabo", "destino": "Shopping PATEO Olinda", "valor": 100, "regiao": "Cabo" },
  { "origem": "Centro do Cabo", "destino": "Shopping Paulista Norte Way", "valor": 130, "regiao": "Cabo" },
  { "origem": "Centro do Cabo", "destino": "Shopping Rio MAr", "valor": 80, "regiao": "Cabo" },
  { "origem": "Centro do Cabo", "destino": "Shopping Outlet Recife Br-232", "valor": 100, "regiao": "Cabo" },
  
  { "origem": "Centro do Cabo", "destino": "Engenho Novo Até a STATUS", "valor": 15, "regiao": "Cabo" },
  { "origem": "Centro do Cabo", "destino": "Engenho Novo Até o Posto", "valor": 15, "regiao": "Cabo" },
  { "origem": "Centro do Cabo", "destino": "Engenho Novo Até a SETRE", "valor": 17, "regiao": "Cabo" },
  { "origem": "Centro do Cabo", "destino": "Engenho Novo RECANTO DO PARAÍSO", "valor": 30, "regiao": "Cabo" },
  { "origem": "Centro do Cabo", "destino": "Mercês", "valor": 27, "regiao": "Cabo" },
  { "origem": "Centro do Cabo", "destino": "Mercês Rua do Ferreiro", "valor": 27, "regiao": "Cabo" },
  { "origem": "Centro do Cabo", "destino": "Mercês Poços", "valor": 32, "regiao": "Cabo" },
  { "origem": "Centro do Cabo", "destino": "Bom Jesus até a Usina", "valor": 28, "regiao": "Cabo" },
  { "origem": "Centro do Cabo", "destino": "Gurjaú", "valor": 35, "regiao": "Cabo" },
  { "origem": "Centro do Cabo", "destino": "Pau Santo", "valor": 80, "regiao": "Cabo" },
  { "origem": "Centro do Cabo", "destino": "Utinga", "valor": 38, "regiao": "Cabo" },
  { "origem": "Centro do Cabo", "destino": "Engenho Castelo", "valor": 40, "regiao": "Cabo" },
  { "origem": "Centro do Cabo", "destino": "Engenho Universo", "valor": 50, "regiao": "Cabo" },
  { "origem": "Centro do Cabo", "destino": "Sebastian Pol", "valor": 40, "regiao": "Cabo" },
  { "origem": "Centro do Cabo", "destino": "Sabiá", "valor": 40, "regiao": "Cabo" },
  { "origem": "Centro do Cabo", "destino": "Usina Liberdade", "valor": 65, "regiao": "Cabo" },
  { "origem": "Centro do Cabo", "destino": "Tapojí de cima", "valor": 85, "regiao": "Cabo" },
  { "origem": "Centro do Cabo", "destino": "Tapojí de Baixo", "valor": 78, "regiao": "Cabo" },
  { "origem": "Centro do Cabo", "destino": "Arariba de Cima", "valor": 85, "regiao": "Cabo" },
  { "origem": "Centro do Cabo", "destino": "Arariba de Baixo", "valor": 78, "regiao": "Cabo" },
  { "origem": "Centro do Cabo", "destino": "Jussaral", "valor": 130, "regiao": "Cabo" },
  { "origem": "Centro do Cabo", "destino": "Massauassu", "valor": 85, "regiao": "Cabo" },
  { "origem": "Centro do Cabo", "destino": "Tabatinga até o arruado", "valor": 45, "regiao": "Cabo" },
  { "origem": "Centro do Cabo", "destino": "Tabatinga após o arruado", "valor": 55, "regiao": "Cabo" },

  { "origem": "Centro do Cabo", "destino": "Clinica Saúde (Centro)", "valor": 10, "regiao": "Cabo" },
  { "origem": "Centro do Cabo", "destino": "Clinica Amor & Saúde (Centro)", "valor": 10, "regiao": "Cabo" },
  { "origem": "Centro do Cabo", "destino": "Clinica CEMED (Centro)", "valor": 10, "regiao": "Cabo" },
  { "origem": "Centro do Cabo", "destino": "Clinica Reabilite Kids (Centro)", "valor": 10, "regiao": "Cabo" },
  { "origem": "Centro do Cabo", "destino": "Fisioterapia do Cabo (Centro)", "valor": 10, "regiao": "Cabo" },
  { "origem": "Centro do Cabo", "destino": "Clinica Top Saúde (Centro)", "valor": 10, "regiao": "Cabo" },
  { "origem": "Centro do Cabo", "destino": "Clinica Oftalmos (Centro)", "valor": 10, "regiao": "Cabo" },
  { "origem": "Centro do Cabo", "destino": "BORIS (Centro)", "valor": 10, "regiao": "Cabo" },
  { "origem": "Centro do Cabo", "destino": "UPA24h Cohab", "valor": 10, "regiao": "Cabo" },
  { "origem": "Centro do Cabo", "destino": "UPA24h Ipojuca", "valor": 30, "regiao": "Cabo" },
  { "origem": "Centro do Cabo", "destino": "UPA24h Sotave", "valor": 35, "regiao": "Cabo" },
  { "origem": "Centro do Cabo", "destino": "Maternidade Ipojuca", "valor": 35, "regiao": "Cabo" },
  { "origem": "Centro do Cabo", "destino": "Maternidade Ponte dos Carvalhos", "valor": 25, "regiao": "Cabo" },
  { "origem": "Centro do Cabo", "destino": "Hospital da Aeronáutica", "valor": 55, "regiao": "Cabo" },
  { "origem": "Centro do Cabo", "destino": "Hospital Memorial guararapes", "valor": 40, "regiao": "Cabo" },
  { "origem": "Centro do Cabo", "destino": "Hospital Memorial Jaboatão Centro", "valor": 90, "regiao": "Cabo" },
  { "origem": "Centro do Cabo", "destino": "Hospital do Servidor", "valor": 90, "regiao": "Cabo" },
  { "origem": "Centro do Cabo", "destino": "Hospital da Restauração", "valor": 85, "regiao": "Cabo" },
  { "origem": "Centro do Cabo", "destino": "Hospital Esperança", "valor": 80, "regiao": "Cabo" },
  { "origem": "Centro do Cabo", "destino": "Hospital Português Agamenon", "valor": 80, "regiao": "Cabo" },
  { "origem": "Centro do Cabo", "destino": "Hospital Português Boa viagem", "valor": 70, "regiao": "Cabo" },
  { "origem": "Centro do Cabo", "destino": "Hospital HapVida Ilha do Leite", "valor": 80, "regiao": "Cabo" },
  { "origem": "Centro do Cabo", "destino": "Hospital HapVida Ariano Suassuna", "valor": 80, "regiao": "Cabo" },
  { "origem": "Centro do Cabo", "destino": "Hospital HapVida Cabo", "valor": 10, "regiao": "Cabo" },
  { "origem": "Centro do Cabo", "destino": "Hospital HapVida Vasco Lucena", "valor": 85, "regiao": "Cabo" },
  { "origem": "Centro do Cabo", "destino": "Hospital HapVida Capibaribe", "valor": 85, "regiao": "Cabo" },
  { "origem": "Centro do Cabo", "destino": "Hospital HapVida Casa Forte", "valor": 90, "regiao": "Cabo" },
  { "origem": "Centro do Cabo", "destino": "Hospital HapVida Espinheiro", "valor": 85, "regiao": "Cabo" },
  { "origem": "Centro do Cabo", "destino": "Hospital HapVida NotreDame Intermédica-Espinheiro", "valor": 85, "regiao": "Cabo" },
  { "origem": "Centro do Cabo", "destino": "Hospital HapVida NotreDame Intermédica-PINA", "valor": 70, "regiao": "Cabo" },
  { "origem": "Centro do Cabo", "destino": "Hospital Mendo Sampaio (Mista)", "valor": 10, "regiao": "Cabo" },
  { "origem": "Centro do Cabo", "destino": "Hospital Infantil (Centro)", "valor": 10, "regiao": "Cabo" },
  { "origem": "Centro do Cabo", "destino": "Hospital InfantoJuvenil (Centro)", "valor": 10, "regiao": "Cabo" },
  { "origem": "Centro do Cabo", "destino": "Hospital São Sebastião (Centro)", "valor": 10, "regiao": "Cabo" },
  { "origem": "Centro do Cabo", "destino": "Hospital Samaritano (Centro)", "valor": 10, "regiao": "Cabo" },
  { "origem": "Centro do Cabo", "destino": "Hospital Dom Helder Câmara", "valor": 20, "regiao": "Cabo" },
  
  { "origem": "Centro do Cabo", "destino": "Maceió AL", "valor": 550, "regiao": "Cabo" },
  { "origem": "Centro do Cabo", "destino": "Maragogí AL", "valor": 270, "regiao": "Cabo" },
  { "origem": "Centro do Cabo", "destino": "Porto de Pedras AL", "valor": 350, "regiao": "Cabo" },
  { "origem": "Centro do Cabo", "destino": "Tatuamunha AL", "valor": 350, "regiao": "Cabo" },
  { "origem": "Centro do Cabo", "destino": "João Pessoa PB", "valor": 380, "regiao": "Cabo" },
  { "origem": "Centro do Cabo", "destino": "Salvador BA", "valor": 1800, "regiao": "Cabo" },
  { "origem": "Centro do Cabo", "destino": "Aracajú SE", "valor": 1300, "regiao": "Cabo" },

{ "origem": "Centro do Cabo", "destino": "Ipojuca Centro", "valor": 35, "regiao": "Cabo" },
{ "origem": "Centro do Cabo", "destino": "Ipojuca Rurópolis", "valor": 38, "regiao": "Cabo" },
{ "origem": "Centro do Cabo", "destino": "Ipojuca Vila do Estaleiro", "valor": 30, "regiao": "Cabo" },
{ "origem": "Centro do Cabo", "destino": "Nossa Senhora do Ó", "valor": 60, "regiao": "Cabo" },
{ "origem": "Centro do Cabo", "destino": "Camela", "valor": 75, "regiao": "Cabo" },
{ "origem": "Centro do Cabo", "destino": "Tamandaré", "valor": 100, "regiao": "Cabo" },
{ "origem": "Centro do Cabo", "destino": "Sirinhaém", "valor": 100, "regiao": "Cabo" },
{ "origem": "Centro do Cabo", "destino": "Barra de Sirinhaém", "valor": 120, "regiao": "Cabo" },
{ "origem": "Centro do Cabo", "destino": "Rio Formoso", "valor": 130, "regiao": "Cabo" },
{ "origem": "Centro do Cabo", "destino": "Barreiros", "valor": 175, "regiao": "Cabo" },
{ "origem": "Centro do Cabo", "destino": "São José da Coroa Grande", "valor": 200, "regiao": "Cabo" },
{ "origem": "Centro do Cabo", "destino": "Maria Farinha", "valor": 150, "regiao": "Cabo" },
{ "origem": "Centro do Cabo", "destino": "Igarassu", "valor": 145, "regiao": "Cabo" },
{ "origem": "Centro do Cabo", "destino": "Itamaracá", "valor": 190, "regiao": "Cabo" },
{ "origem": "Centro do Cabo", "destino": "Itapissuma", "valor": 160, "regiao": "Cabo" },
{ "origem": "Centro do Cabo", "destino": "Abreu e Lima", "valor": 125, "regiao": "Cabo" },
{ "origem": "Centro do Cabo", "destino": "Goiana", "valor": 250, "regiao": "Cabo" },
{ "origem": "Centro do Cabo", "destino": "Camaragibe", "valor": 110, "regiao": "Cabo" },
{ "origem": "Centro do Cabo", "destino": "São Lourenço da Mata", "valor": 135, "regiao": "Cabo" },
{ "origem": "Centro do Cabo", "destino": "Paudalho", "valor": 170, "regiao": "Cabo" },
{ "origem": "Centro do Cabo", "destino": "Carpina", "valor": 200, "regiao": "Cabo" },
{ "origem": "Centro do Cabo", "destino": "Nazaré da Mata", "valor": 220, "regiao": "Cabo" },
{ "origem": "Centro do Cabo", "destino": "Lagoa do Carro", "valor": 220, "regiao": "Cabo" },
{ "origem": "Centro do Cabo", "destino": "Limoeiro", "valor": 280, "regiao": "Cabo" },
{ "origem": "Centro do Cabo", "destino": "João Alfredo", "valor": 350, "regiao": "Cabo" },
{ "origem": "Centro do Cabo", "destino": "Bom Jardim", "valor": 300, "regiao": "Cabo" },
{ "origem": "Centro do Cabo", "destino": "Surubim", "valor": 350, "regiao": "Cabo" },
{ "origem": "Centro do Cabo", "destino": "Tracunhaém", "valor": 250, "regiao": "Cabo" },
{ "origem": "Centro do Cabo", "destino": "Escada", "valor": 70, "regiao": "Cabo" },
{ "origem": "Centro do Cabo", "destino": "Frexeiras", "valor": 100, "regiao": "Cabo" },
{ "origem": "Centro do Cabo", "destino": "Primavera", "valor": 120, "regiao": "Cabo" },
{ "origem": "Centro do Cabo", "destino": "Amaraji", "valor": 150, "regiao": "Cabo" },
{ "origem": "Centro do Cabo", "destino": "Chã Grande", "valor": 210, "regiao": "Cabo" },
{ "origem": "Centro do Cabo", "destino": "Ribeirão", "valor": 130, "regiao": "Cabo" },
{ "origem": "Centro do Cabo", "destino": "Cortês", "valor": 200, "regiao": "Cabo" },
{ "origem": "Centro do Cabo", "destino": "Barra de Guabiraba", "valor": 230, "regiao": "Cabo" },
{ "origem": "Centro do Cabo", "destino": "Bonito", "valor": 300, "regiao": "Cabo" },
{ "origem": "Centro do Cabo", "destino": "Gameleira", "valor": 160, "regiao": "Cabo" },
{ "origem": "Centro do Cabo", "destino": "Joaquim Nabuco", "valor": 180, "regiao": "Cabo" },
{ "origem": "Centro do Cabo", "destino": "Palmares", "valor": 185, "regiao": "Cabo" },
{ "origem": "Centro do Cabo", "destino": "Catende", "valor": 280, "regiao": "Cabo" },
{ "origem": "Centro do Cabo", "destino": "Quipapá", "valor": 350, "regiao": "Cabo" },
{ "origem": "Centro do Cabo", "destino": "Garanhuns", "valor": 510, "regiao": "Cabo" },
{ "origem": "Centro do Cabo", "destino": "Moreno", "valor": 100, "regiao": "Cabo" },
{ "origem": "Centro do Cabo", "destino": "Bonança", "valor": 135, "regiao": "Cabo" },
{ "origem": "Centro do Cabo", "destino": "Vitória de Santo Antão", "valor": 170, "regiao": "Cabo" },
{ "origem": "Centro do Cabo", "destino": "Pombos", "valor": 190, "regiao": "Cabo" },
{ "origem": "Centro do Cabo", "destino": "Gravatá", "valor": 220, "regiao": "Cabo" },
{ "origem": "Centro do Cabo", "destino": "Bezerros", "valor": 280, "regiao": "Cabo" },
{ "origem": "Centro do Cabo", "destino": "Sairé", "valor": 300, "regiao": "Cabo" },
{ "origem": "Centro do Cabo", "destino": "Camocim de São Félix", "valor": 320, "regiao": "Cabo" },
{ "origem": "Centro do Cabo", "destino": "Caruaru", "valor": 370, "regiao": "Cabo" },
{ "origem": "Centro do Cabo", "destino": "Toritama", "valor": 420, "regiao": "Cabo" },
{ "origem": "Centro do Cabo", "destino": "Santa Cruz do Capibaribe", "valor": 470, "regiao": "Cabo" },
{ "origem": "Centro do Cabo", "destino": "Arcoverde", "valor": 620, "regiao": "Cabo" },

{ "origem": "Centro do Cabo", "destino": "Castelo Recepções", "valor": 24.99, "regiao": "Cabo" },
{ "origem": "Centro do Cabo", "destino": "Fazenda casa Branca - Pirapama", "valor": 17.99, "regiao": "Cabo" },
{ "origem": "Centro do Cabo", "destino": "Granja Pajeú", "valor": 21.99, "regiao": "Cabo" },
{ "origem": "Centro do Cabo", "destino": "Espaço Kids Cohab", "valor": 9.99, "regiao": "Cabo" },
{ "origem": "Centro do Cabo", "destino": "Casa Festa Garapú", "valor": 12.99, "regiao": "Cabo" },
{ "origem": "Centro do Cabo", "destino": "Pirapama CIDA PARK", "valor": 17.99, "regiao": "Cabo" },
{ "origem": "Centro do Cabo", "destino": "Rosa do Vento Chacara SHEKINÁ", "valor": 14.99, "regiao": "Cabo" },
{ "origem": "Centro do Cabo", "destino": "Churrascaria Ponto gaúcho (Cabo)", "valor": 9.99, "regiao": "Cabo" },
{ "origem": "Centro do Cabo", "destino": "Churrascaria Ponto gaúcho (Cajueiro Seco)", "valor": 39.90, "regiao": "Cabo" },
{ "origem": "Centro do Cabo", "destino": "Churrascaria Ponto gaúcho (Prazeres)", "valor": 39.90, "regiao": "Cabo" },
{ "origem": "Centro do Cabo", "destino": "Churrascaria Ponto gaúcho (Recife)", "valor": 79.90, "regiao": "Cabo" },
{ "origem": "Centro do Cabo", "destino": "Restaurante Sal e brasa (Av Recife)", "valor": 64.99, "regiao": "Cabo" },
{ "origem": "Centro do Cabo", "destino": "Churrascaria Boi Brasa (Cajueiro Seco)", "valor": 39.90, "regiao": "Cabo" },
{ "origem": "Centro do Cabo", "destino": "Churrascaria Leitão (Nossa Sra do Ó)", "valor": 59.90, "regiao": "Cabo" },
{ "origem": "Centro do Cabo", "destino": "Praça da Pentecostal (Cohab)", "valor": 9.99, "regiao": "Cabo" },
{ "origem": "Centro do Cabo", "destino": "Praça do Bairro", "valor": 9.99, "regiao": "Cabo" },
{ "origem": "Centro do Cabo", "destino": "SESI Cabo", "valor": 9.99, "regiao": "Cabo" },
{ "origem": "Centro do Cabo", "destino": "SEST-SENAT (Rosário)", "valor": 16.99, "regiao": "Cabo" },

  { "origem": "Centro do Cabo", "destino": "Centro do Cabo", "valor": 10, "regiao": "Cabo" },
  { "origem": "Centro do Cabo", "destino": "Praça Theo Silva (Centro)", "valor": 10, "regiao": "Cabo" },
  { "origem": "Centro do Cabo", "destino": "Rua São joão (Centro)", "valor": 12, "regiao": "Cabo" },
  { "origem": "Centro do Cabo", "destino": "Mauriti", "valor": 10, "regiao": "Cabo" },
  { "origem": "Centro do Cabo", "destino": "Mercadão", "valor": 10, "regiao": "Cabo" },
  { "origem": "Centro do Cabo", "destino": "Galeria da praça da Biblia (Centro)", "valor": 10, "regiao": "Cabo" },
  { "origem": "Centro do Cabo", "destino": "Galeria Espaço Cabense (Centro)", "valor": 10, "regiao": "Cabo" },
  { "origem": "Centro do Cabo", "destino": "Torrinha Baixa", "valor": 10, "regiao": "Cabo" },
  { "origem": "Centro do Cabo", "destino": "Torrinha Alta", "valor": 13, "regiao": "Cabo" },
  { "origem": "Centro do Cabo", "destino": "Malaquias Baixo (inclui R. 5,9)", "valor": 10, "regiao": "Cabo" },
  { "origem": "Centro do Cabo", "destino": "Malaquias Alto", "valor": 13, "regiao": "Cabo" },
  { "origem": "Centro do Cabo", "destino": "Malaquias Alto (Aréa da Assembleia e r. 3)", "valor": 10, "regiao": "Cabo" },
  { "origem": "Centro do Cabo", "destino": "Malaquias Alto (R. 4,7,10...)", "valor": 13, "regiao": "Cabo" },
  { "origem": "Centro do Cabo", "destino": "Cohab", "valor": 10, "regiao": "Cabo" },
  { "origem": "Centro do Cabo", "destino": "Rua Do Açude (Cohab)", "valor": 13, "regiao": "Cabo" },
  { "origem": "Centro do Cabo", "destino": "Rua Cristo Rei (Cohab)", "valor": 10, "regiao": "Cabo" },
  { "origem": "Centro do Cabo", "destino": "Bairro São Francisco Baixo", "valor": 10, "regiao": "Cabo" },
  { "origem": "Centro do Cabo", "destino": "Bairro São Francisco Alto", "valor": 13, "regiao": "Cabo" },
  { "origem": "Centro do Cabo", "destino": "Bairro São Francisco (Rua 53 e Bicudo)", "valor": 13, "regiao": "Cabo" },
  { "origem": "Centro do Cabo", "destino": "Bairro São Francisco (R. da Aurora)", "valor": 10, "regiao": "Cabo" },
  { "origem": "Centro do Cabo", "destino": "Bela Vista/Cruzeiro", "valor": 13, "regiao": "Cabo" },
  { "origem": "Centro do Cabo", "destino": "Toca", "valor": 12, "regiao": "Cabo" },
  { "origem": "Centro do Cabo", "destino": "Rua 25 da Bela Vista", "valor": 13, "regiao": "Cabo" },
  { "origem": "Centro do Cabo", "destino": "Bela Vista Parte Baixa", "valor": 10, "regiao": "Cabo" },
  { "origem": "Centro do Cabo", "destino": "Charnequinha Baixa", "valor": 10, "regiao": "Cabo" },
  { "origem": "Centro do Cabo", "destino": "Charnequinha Alta", "valor": 13, "regiao": "Cabo" },
  { "origem": "Centro do Cabo", "destino": "Charnequinha (R. 2 e área da quadra)", "valor": 13, "regiao": "Cabo" },
  { "origem": "Centro do Cabo", "destino": "Sapucaia", "valor": 10, "regiao": "Cabo" },
  { "origem": "Centro do Cabo", "destino": "Destilaria", "valor": 10, "regiao": "Cabo" },
  { "origem": "Centro do Cabo", "destino": "Comunidade da Destilaria", "valor": 12, "regiao": "Cabo" },
  { "origem": "Centro do Cabo", "destino": "Clube da Destilaria", "valor": 10, "regiao": "Cabo" },
  { "origem": "Centro do Cabo", "destino": "Vila Social", "valor": 10, "regiao": "Cabo" },
  { "origem": "Centro do Cabo", "destino": "Rua do Dique (Vila Social)", "valor": 10, "regiao": "Cabo" },
  { "origem": "Centro do Cabo", "destino": "AD Seara PE-60", "valor": 10, "regiao": "Cabo" },
  { "origem": "Centro do Cabo", "destino": "Igreja do Amor PE-60", "valor": 10, "regiao": "Cabo" },
  { "origem": "Centro do Cabo", "destino": "SAFPE PE-60", "valor": 10, "regiao": "Cabo" },
  { "origem": "Centro do Cabo", "destino": "Santo Inácio", "valor": 10, "regiao": "Cabo" },
  { "origem": "Centro do Cabo", "destino": "Vila Roca", "valor": 10, "regiao": "Cabo" },
  { "origem": "Centro do Cabo", "destino": "Vila Claudete Antiga", "valor": 13, "regiao": "Cabo" },
  { "origem": "Centro do Cabo", "destino": "Casinhas 1ª Etapa (Até Marcelino Reboque)", "valor": 12, "regiao": "Cabo" },
  { "origem": "Centro do Cabo", "destino": "Casinhas 1ª Etapa (Direita após SENAI)", "valor": 12, "regiao": "Cabo" },
  { "origem": "Centro do Cabo", "destino": "Casinhas 2ª Etapa", "valor": 15, "regiao": "Cabo" },
  { "origem": "Centro do Cabo", "destino": "Garapú 1 (1º Modelo Até Nova Era)", "valor": 12, "regiao": "Cabo" },
  { "origem": "Centro do Cabo", "destino": "Garapú 2 (Nova Era Até 2º Modelo)", "valor": 15, "regiao": "Cabo" },
  { "origem": "Centro do Cabo", "destino": "Garapú 3 (2º Modelo Até Flamenguinho)", "valor": 18, "regiao": "Cabo" },
  { "origem": "Centro do Cabo", "destino": "Garapú 4 (Em frente Ao Shopping)", "valor": 17, "regiao": "Cabo" },
  { "origem": "Centro do Cabo", "destino": "Garapú Após Flamenguinho", "valor": 20, "regiao": "Cabo" },
  { "origem": "Centro do Cabo", "destino": "Garapú Campo de Aranha", "valor": 15, "regiao": "Cabo" },
  { "origem": "Centro do Cabo", "destino": "Garapú Espaço Cidadania", "valor": 12, "regiao": "Cabo" },
  { "origem": "Centro do Cabo", "destino": "Garapú VILA DA CONEST", "valor": 15, "regiao": "Cabo" },
  { "origem": "Centro do Cabo", "destino": "Lote Garapú 2 (Lote Dona Amara)", "valor": 13, "regiao": "Cabo" },
  { "origem": "Centro do Cabo", "destino": "Condomínio Porto do Cabo", "valor": 13, "regiao": "Cabo" },
  { "origem": "Centro do Cabo", "destino": "Loteamento DHARMA VILLE", "valor": 16, "regiao": "Cabo" },
  { "origem": "Centro do Cabo", "destino": "Comunidade Madri Iva (Subida do Shopping)", "valor": 13, "regiao": "Cabo" },
  { "origem": "Centro do Cabo", "destino": "Rosário", "valor": 17, "regiao": "Cabo" },
  { "origem": "Centro do Cabo", "destino": "Pista Preta (Vila Harminio)", "valor": 15, "regiao": "Cabo" },
  { "origem": "Centro do Cabo", "destino": "Pista Preta (Alto Macaíba)", "valor": 22, "regiao": "Cabo" },
  { "origem": "Centro do Cabo", "destino": "Burrama/Lote 7/Quilombola", "valor": 20, "regiao": "Cabo" },
  { "origem": "Centro do Cabo", "destino": "Charneca Parte baixa", "valor": 15, "regiao": "Cabo" },
  { "origem": "Centro do Cabo", "destino": "Charneca Parte Alta", "valor": 17, "regiao": "Cabo" },
  { "origem": "Centro do Cabo", "destino": "Charneca Corgo", "valor": 18, "regiao": "Cabo" },
  { "origem": "Centro do Cabo", "destino": "Charneca Cajueiro", "valor": 20, "regiao": "Cabo" },
  { "origem": "Centro do Cabo", "destino": "Novo horizonte (Principais)", "valor": 15, "regiao": "Cabo" },
  { "origem": "Centro do Cabo", "destino": "Novo Horizonte (Dificil Acesso)", "valor": 18, "regiao": "Cabo" },
  { "origem": "Centro do Cabo", "destino": "Alto dos Funcionários", "valor": 15, "regiao": "Cabo" },
  { "origem": "Centro do Cabo", "destino": "Pirapama Parte Baixa", "valor": 15, "regiao": "Cabo" },
  { "origem": "Centro do Cabo", "destino": "Pirapama Parte Alta", "valor": 18, "regiao": "Cabo" },
  { "origem": "Centro do Cabo", "destino": "Pirapama Mangueirinha e TURURU", "valor": 20, "regiao": "Cabo" },
  { "origem": "Centro do Cabo", "destino": "Barbalho 1 e 2", "valor": 17, "regiao": "Cabo" },
  { "origem": "Centro do Cabo", "destino": "Barbalho em frente a lagoa", "valor": 17, "regiao": "Cabo" },
  { "origem": "Centro do Cabo", "destino": "Vila do SESI", "valor": 12, "regiao": "Cabo" },

  { "origem": "Centro do Cabo", "destino": "Massangana", "valor": 28, "regiao": "Cabo" },
  { "origem": "Centro do Cabo", "destino": "Agodoais Sentido Ipojuca", "valor": 30, "regiao": "Cabo" },
  { "origem": "Centro do Cabo", "destino": "Agodoais Sentido Praia", "valor": 30, "regiao": "Cabo" },
  { "origem": "Centro do Cabo", "destino": "Serraria", "valor": 28, "regiao": "Cabo" },
  { "origem": "Centro do Cabo", "destino": "Serraria Pista", "valor": 25, "regiao": "Cabo" },
  { "origem": "Centro do Cabo", "destino": "Ponte dos Carvalhos Vila nova por tras da fortlev", "valor": 28, "regiao": "Cabo" },
  { "origem": "Centro do Cabo", "destino": "Ponte dos Carvalhos Cemitério", "valor": 28, "regiao": "Cabo" },
  { "origem": "Centro do Cabo", "destino": "Ponte dos Carvalhos Santo Estevão", "valor": 25, "regiao": "Cabo" },
  { "origem": "Centro do Cabo", "destino": "Pontezinha até linha do trem", "valor": 30, "regiao": "Cabo" },
  { "origem": "Centro do Cabo", "destino": "Pontezinha após linha do trem", "valor": 33, "regiao": "Cabo" }



]